{"cameraMode":{"drawMode":0,"name":"Shaded","section":"Shading Mode"},"sceneLighting":true,"audioPlay":false,"sceneViewState":{"m_AlwaysRefresh":false,"showFog":true,"showSkybox":true,"showFlares":true,"showImageEffects":true,"showParticleSystems":true,"showVisualEffectGraphs":true,"m_FxEnabled":true},"in2DMode":false,"pivot":{"x":-0.37733688950538638,"y":1.0859599113464356,"z":-0.8316934704780579},"rotation":{"x":0.027780041098594667,"y":-0.7572451829910278,"z":0.032292816787958148,"w":0.6517850160598755},"size":2.2181451320648195,"orthographic":false}