{"cameraMode":{"drawMode":0,"name":"Shaded","section":"Shading Mode"},"sceneLighting":true,"audioPlay":false,"sceneViewState":{"m_AlwaysRefresh":false,"showFog":true,"showSkybox":true,"showFlares":true,"showImageEffects":true,"showParticleSystems":true,"showVisualEffectGraphs":true,"m_FxEnabled":true},"in2DMode":false,"pivot":{"x":2.120650291442871,"y":1.573731541633606,"z":-3.845808744430542},"rotation":{"x":0.14785951375961305,"y":0.20750989019870759,"z":-0.031748294830322269,"w":0.9664872884750366},"size":1.9745367765426636,"orthographic":false}