{"cameraMode":{"drawMode":0,"name":"Shaded","section":"Shading Mode"},"sceneLighting":false,"audioPlay":false,"sceneViewState":{"m_AlwaysRefresh":false,"showFog":true,"showSkybox":false,"showFlares":true,"showImageEffects":true,"showParticleSystems":true,"showVisualEffectGraphs":true,"m_FxEnabled":true},"in2DMode":false,"pivot":{"x":-1.2409958839416505,"y":0.01800011843442917,"z":0.04237554967403412},"rotation":{"x":0.14785951375961305,"y":0.20750989019870759,"z":-0.031748294830322269,"w":0.9664872884750366},"size":0.48820942640304568,"orthographic":false}